<?xml version="1.0" ?>
<!DOCTYPE movies SYSTEM "lab9_10.dtd">
<movies>
  <movie movieID = "1" directorID = "2" actorID = "4">
    <name>Chucky 6</name>
    <release_year>2017</release_year>
    <length>01:23:45</length>
    <genre>Horror</genre>
    <budget>1000000</budget>
    <rating>3</rating>
    <gross>2500000</gross>
  </movie>
  <movie movieID = "2" directorID = "12 7" actorID = "9">
    <name>Andrometer</name>
    <release_year>2012</release_year>
    <length>01:33:45</length>
    <genre>Horror</genre>
    <budget>2000000</budget>
    <rating>4</rating>
  </movie>
  <actor actorID = "6", movieID = "2">
    <first_name>Yahya</first_name>
    <surname>Imran</surname>
    <birth_location>India</birth_location>
    <eye_colour>brown</eye_colour>
    <age>22</age>
  </actor>
  <actor actorID = "2", movieID = "7">
    <first_name>Mustafa</first_name>
    <surname>Ali</surname>
    <birth_location>Indonesia</birth_location>
    <eye_colour>brown</eye_colour>
    <age>21</age>
  </actor>
  <director directorID = "4" movieID = "3">
    <first_name>Lupe</first_name>
    <surname>Fiasco</surname>
    <birth_year>1962</birth_year>
    <birth_location>USA</birth_location>
    <eye_colour>brown</eye_colour>
  </director>
  <director directorID = "1">
    <first_name>Adman</first_name>
    <surname>Imran</surname>
    <birth_year>1985</birth_year>
    <birth_location>Pakistan</birth_location>
    <eye_colour>brown</eye_colour>
  </director>
</movies>
